epoch,train_dice,train_iou,train_pixel_accuracy,train_precision,train_recall,train_loss,val_dice,val_iou,val_pixel_accuracy,val_precision,val_recall,val_loss
1,0.090185456504935,0.05859528316468,0.9712532044843186,0.34939900628659265,0.11894975118182932,0.5122556135404942,0.18072744351859016,0.11918985956120041,0.971640146176597,0.2941000818860202,0.24005906536894026,0.47079233269386955
2,0.2517598131454961,0.17879763860688652,0.9736449593721435,0.4266541370212339,0.3046917446650738,0.4347047079787698,0.37974286200519225,0.2768682798557254,0.9748446206915016,0.34810257771191644,0.5262823639483514,0.3697340888861994
3,0.3625885490761247,0.27274693046198334,0.9790052064629489,0.4888437823500744,0.409734929283691,0.3756862017650937,0.45473372832438075,0.3545660451811526,0.9839577208582653,0.5087525084160582,0.5080633127983492,0.3233641382247339
4,0.4188970096929129,0.32222696965517,0.9820745812599049,0.5264478171634119,0.4638202723202317,0.3415284343930178,0.4644663534593513,0.36945117627242136,0.9863331650095858,0.5965749321205349,0.46255761168691695,0.31157770802649426
5,0.45585270286646,0.35652506775980775,0.9844954332640005,0.5519836066767226,0.49360908221366795,0.31811297615600187,0.5241060878092042,0.42155314235797986,0.9871475281320913,0.5426750974662072,0.5758212113588054,0.27810937161888544
6,0.48235956666081453,0.37949533266730084,0.984478731141534,0.5532710458650145,0.5310425261078879,0.304005668346965,0.5154728975109161,0.41923723200063057,0.9879629921670922,0.663416722516363,0.5186125341105358,0.28219283358106073
7,0.5119989173010339,0.40900480695242103,0.9861228375933891,0.5919284279956374,0.5521808893874635,0.2863062780437081,0.5711847202006203,0.46713824187377023,0.9883097110881168,0.5904486071215659,0.6218455172588586,0.25017900755750594
8,0.5322019320934318,0.4283907990469489,0.9866696166437726,0.6023254933398824,0.5730159476745961,0.27432495320952216,0.5720589301928727,0.4744424851954589,0.9897099496318225,0.6849869291564377,0.555792150026828,0.24833607560642745
9,0.5391163692571396,0.4346278871214667,0.9869200653114985,0.6053003665319708,0.5815019174370655,0.26976482431555904,0.584125456425898,0.4817838273477485,0.9886011344601005,0.5926723465518093,0.6420260436822092,0.24211696893820223
10,0.5509179665945297,0.44622967487504317,0.9872925326574681,0.6209681919494341,0.5942616119634273,0.2625948651585468,0.5756134998123601,0.47239308718846046,0.9884697362369653,0.6033693572779353,0.6322571731271176,0.2467167413319057
11,0.5593527023528897,0.4545088564587194,0.9873545142107232,0.6233005963785704,0.6036076814282773,0.25759359916975333,0.6034377904173598,0.49800847490224853,0.9875998426937054,0.593901116460432,0.6848614952906815,0.23260546085818065
12,0.5723420894423197,0.46836485436489417,0.987593307744625,0.6316034130232279,0.6177382271650226,0.2495670969229798,0.5852661524697901,0.4872645426903823,0.9898312384227537,0.716987751132345,0.5661057176714539,0.24035605948813077
13,0.5859605451655943,0.4819294517469961,0.988089264825333,0.6437732125090998,0.6248867629572402,0.24167944464919178,0.6329313700880818,0.5301663263096692,0.9892134356740944,0.6707313435344114,0.663101488256662,0.2121366885489364
14,0.5945176948295083,0.49116777957871904,0.9883479545282763,0.653009217145831,0.6319029974036439,0.23652215657192607,0.6129828613624517,0.5060129500438928,0.9887428213619183,0.618306149851601,0.6832896071352357,0.224896313998367
15,0.594995824403541,0.49050020825031193,0.9883280081111331,0.6478851562322572,0.6401912590792013,0.235926162364871,0.6214955251863975,0.514949460853167,0.985892848456373,0.601545630414877,0.7246224188147159,0.22624696765219351
16,0.5970186767883079,0.4925980259512746,0.9876952181721843,0.6508238755686339,0.6422324599914773,0.2356518430765285,0.6130112258201068,0.5078271914635757,0.987690211640041,0.6357338456180168,0.6654844726983279,0.22484391284849717
17,0.6152356656831365,0.5104904306489367,0.988645251060641,0.6678631274506103,0.6583265395358552,0.2244299370362315,0.6430864918041644,0.5388927745196228,0.9897754712270894,0.652559936392636,0.7022609176068244,0.205535172031995
18,0.6087240727488384,0.5042608933046807,0.9882474077302356,0.6620487615812657,0.6542669607456341,0.22821532090216182,0.6499076698445789,0.5469676633358693,0.9901878896057174,0.6794374160392883,0.69057310743498,0.20131004043464132
19,0.6229350632706354,0.5164999332885409,0.9884746760823006,0.6716580507020617,0.668965146985165,0.2195396114920461,0.6598203648503529,0.5572554162001921,0.9903515778882064,0.7196739912033081,0.6721186661235826,0.19553119685982065
20,0.6222690832476283,0.5168468092763147,0.9884379793738209,0.6688803585116253,0.670655534710995,0.21971843928791757,0.6711134484094529,0.5669737075859645,0.9904285292147899,0.7162210629017501,0.6964021736028752,0.1899592578032626
21,0.637310640756474,0.5321047092939533,0.988643477822459,0.6770009996239529,0.6854152346766272,0.21179202606165132,0.6513047991712484,0.5522395137951578,0.9906067066164944,0.7114708783491602,0.6672517515405342,0.2001215095546621
22,0.6366207275626271,0.5317214531607406,0.9885180807390879,0.6769433316103247,0.6851307425734608,0.21186923582193462,0.6713575123875511,0.5638745501529323,0.9890102314153154,0.6689835249599074,0.7424413572202054,0.19149642100852357
23,0.6348200743628103,0.5275849422743154,0.9879150099532549,0.6703313779692317,0.688104932737905,0.21330915413103824,0.658498470253799,0.5587274252243761,0.9911962466419868,0.7429090346411108,0.648064901849528,0.19588743664962288
24,0.6494922677791396,0.5426509073653887,0.988795957246492,0.6834876246230547,0.6997738542944886,0.20449144215604595,0.6749748363550239,0.5704600855124187,0.9906209997930098,0.7081903565258696,0.7063626675543487,0.18728303037454064
25,0.654454804437105,0.5471903853291689,0.9888929762812548,0.6861680241864782,0.7053892449584118,0.20130662771678248,0.6688339102942988,0.565821163107591,0.9912532580089154,0.7421220507261888,0.6724189980109648,0.1911243044721241
26,0.653384730219841,0.5462485544903334,0.9889113660468611,0.6836105950696524,0.704765930425289,0.2019565507423046,0.6714525692521747,0.568243233835749,0.9909011058952708,0.7178022927227491,0.6841797821753602,0.19001931742006706
27,0.6494910081112107,0.5426372537432715,0.9890198603618977,0.6893429121998853,0.6967588543545368,0.20411166015925797,0.6785161488288026,0.5770127717054115,0.9913608828026947,0.742515858354693,0.6822701850027408,0.18424021193679255
28,0.6699940773636796,0.5627219890092694,0.9894248295662015,0.6976282939661381,0.7181086633787599,0.19262051655975884,0.6836095773256742,0.577488981933483,0.9903332739852163,0.689225429979914,0.7360279469254747,0.18327511030050597
29,0.6687463875426802,0.5604155902252641,0.9894369993098947,0.70032392546188,0.7174760564122089,0.19288691107270328,0.6970647113243623,0.589545469239073,0.989272798353425,0.6891053994612009,0.7804248304429352,0.17777772862815633
30,0.666786233699599,0.5591150324705035,0.9893011859683103,0.6944271454284358,0.7197510416424552,0.19385750002639238,0.6946358972260153,0.5857659662237015,0.9900235320902355,0.685888570780678,0.7695186180542446,0.1771528694659731
31,0.6676646699739057,0.5595727639142857,0.9892815795055655,0.6970857652120812,0.7213865095792815,0.19386911561149497,0.6978083863659763,0.5934350465482482,0.9919370618717764,0.7774815092239048,0.693828332493371,0.17370090326524093
32,0.6691439856970033,0.561201884302982,0.9897228167500607,0.6991600456625916,0.7206691798082617,0.19225978426808535,0.6775135383204556,0.5647266898169054,0.9905654020683167,0.7203711067990053,0.7087483380114219,0.18859015950184255
33,0.675225434781507,0.567946890412375,0.9898531152758487,0.7118773621528648,0.720653026602989,0.188847616184936,0.7028556291354585,0.5961881509194007,0.9900593433220951,0.6988246826717227,0.7764293862877114,0.17235069967406236
34,0.6778523426416309,0.5693440827172856,0.9897355925898219,0.7073845558388289,0.7284263538759809,0.18800930713498315,0.695207211379562,0.5912015796226756,0.9914655093703802,0.7368146164669873,0.7119139793649294,0.17630747742734643
35,0.6785299975511639,0.5700739034733107,0.9897814497005107,0.7059212119080299,0.7298071037891299,0.1867616379763498,0.7079168879068815,0.6003727719122854,0.9901719849410701,0.6930622305337161,0.7871659084916633,0.16993083545319054
36,0.68843220070351,0.5810513823877933,0.9902681261301041,0.7169260344533033,0.7353602017081061,0.1815600453681031,0.7058476929394704,0.5976729866209155,0.9908874247693531,0.6935659498192576,0.7890019268013743,0.1709197693178633
37,0.6878429592348808,0.5816033589978551,0.9900594149218049,0.7146556568007136,0.7360781077728715,0.18175409998484823,0.7199349473453571,0.6138656119476728,0.9915872622816587,0.7349697917224015,0.7608240982098573,0.16239749930842262
38,0.6890165298137554,0.581542452060899,0.9898874063131421,0.7123376191702,0.7394035203858863,0.18171832619538142,0.7117566100398757,0.6031459223895357,0.990633928723882,0.6905379311785815,0.8007771781982289,0.16783791791015076
39,0.6885608729234961,0.5805202999780344,0.9899509490229362,0.7144570652135583,0.7375609010111454,0.18166000045142894,0.7057564907392327,0.6010980222844593,0.9914490235388193,0.7349167494711578,0.7352977092276464,0.17034364458989942
40,0.6893261781958646,0.5825815509225047,0.9900690757257994,0.7178668331268222,0.7369251275478408,0.1813007437645696,0.7105857274009805,0.6029103549713666,0.9914661506609923,0.7735824017462433,0.7156972398951714,0.16735461864117615
41,0.6927907636692358,0.5856111605846605,0.9903022106303725,0.7186074620762537,0.7414894890646602,0.17892123858422734,0.7123113166438132,0.6071032139490236,0.9913550181035898,0.7360347538797187,0.7462456807688809,0.16744870037727155
42,0.6978273999898933,0.5906897467929263,0.9905157252106556,0.7284646940439247,0.7414240954920303,0.17593506987878058,0.7205464480058202,0.6168924793276628,0.9921501640484537,0.7595142164147298,0.7387869803583674,0.16147669338241372
43,0.6990029759878336,0.5923876556199651,0.9902815569278806,0.7279967605028042,0.7450947622920192,0.17545542155587396,0.7250459417376359,0.6203565241982525,0.9917246908684774,0.7510615731704391,0.7524285739495896,0.1591428760141783
44,0.6985244854938152,0.5919155449021695,0.9901186626317889,0.7240782019703887,0.747696436595085,0.17563486619051114,0.7260868045865019,0.6218219585446384,0.9923950400857691,0.7659875343084681,0.7427403698465821,0.1580292434284277
45,0.7022231895216676,0.5958862994299379,0.9905802548624748,0.7283162862755531,0.7469546053298685,0.17363583209902742,0.7284493422992689,0.6257584428060556,0.9923191624213719,0.7657456590925142,0.7458289673954724,0.15719739638041863
46,0.6986882936122806,0.5928281356775483,0.9903426211933757,0.7182203926319299,0.7477797054967215,0.1753380109317774,0.7351984080624684,0.6295649503588849,0.9918132509133293,0.7384784063337849,0.7836266653112126,0.15345133624630283
47,0.7066101573927458,0.599632709352083,0.990674881741058,0.7274809725755869,0.7531312315963036,0.17121951749851538,0.7227843425443453,0.617130031000893,0.9917161472476965,0.7340712105241674,0.7707892551650503,0.16029813903531245
48,0.7135445250328197,0.607267500702725,0.9909310891877773,0.7392273798238399,0.7551842044259227,0.1669743885827619,0.6709862440521728,0.5782862302180818,0.9915664883760306,0.7204432825737664,0.6888729063104649,0.19046980052840382
49,0.6975455464318742,0.5917129941111388,0.9904888338127802,0.724119769279347,0.7428329867679019,0.17601146011851554,0.7326546117598501,0.628019617240557,0.9918180611552279,0.7442457854142209,0.7786771790036615,0.15457421496337487
50,0.7113476665907128,0.6052045446149138,0.9908362886933393,0.736039453814196,0.7562988286101541,0.16823468231704347,0.7303694734033549,0.6237321247729231,0.990421726326465,0.716124506578044,0.8172070073458557,0.15696659993180256
51,0.710229859102604,0.6032040838238805,0.9907773625712062,0.736637485581775,0.7546848741381668,0.16912878361032452,0.7366990196168509,0.6311957604307221,0.9920400317936746,0.7539098103610455,0.7750038555640787,0.15408720132314935
52,0.7176182911146519,0.6109889054367709,0.9909132850724597,0.7395132681311563,0.7612112973665082,0.16482029097198053,0.7249572588501199,0.618812489232754,0.9905053455874605,0.7039225315147976,0.8191885729313588,0.1600556203876507
53,0.7200356510489486,0.6132959586589836,0.9911105764466662,0.7387357979666355,0.7648176689480626,0.16314883187933024,0.7418022823610568,0.6358560983778258,0.9919085997455525,0.7507303869257126,0.7924963875156009,0.1496148609133175
54,0.7193762642699618,0.6128842342038487,0.991095753949742,0.7392392764950908,0.7632613712271978,0.1639982455864895,0.7439907661197147,0.6403217967085983,0.9919178221153071,0.7494120376376524,0.7956449321115657,0.1484992225885564
55,0.7197251413450685,0.6140751845614855,0.9912329801293307,0.7427705983782924,0.7610530402771262,0.16306899232400018,0.7450776364010893,0.6407083831781573,0.9919631560758859,0.7437026780125711,0.8031701692995036,0.14764881254064327
56,0.7239872477082319,0.6188431293811909,0.9912489115498787,0.7432914968839911,0.7665999687688295,0.16097037221283414,0.7422862908490684,0.6397307251292147,0.9927162641364708,0.7923753726119054,0.74865753929224,0.14977890655063147
57,0.7224599320528119,0.6169712318237438,0.991163161951442,0.7458687130101892,0.7648196410994197,0.1616012318449658,0.7330247247686233,0.6329422236700016,0.9929602882339578,0.8012339067043863,0.729100927040089,0.15384380197144384
58,0.7225426036951154,0.6169558489738509,0.9912858411323192,0.7449947595596313,0.7663736232491427,0.16135680155698642,0.7427236798539736,0.6352465830970399,0.9910223123297117,0.7226530242554509,0.8322412334436602,0.14957104869192284
59,0.7247076388015303,0.6196476643861726,0.9913213616886805,0.7516430249047834,0.7642553909573444,0.16050105186742405,0.7468532568657519,0.6447266435415547,0.9926393767399782,0.7721242556897234,0.7742737534257255,0.14613672697184005
60,0.7251240209091542,0.6193095511475275,0.9914741699778756,0.7458617181278938,0.7672750620647918,0.15977407064895296,0.7511188670754951,0.6492609741552821,0.9927014250021714,0.7619546425186844,0.7891813041682859,0.1433736823299151
61,0.7218797037074732,0.6162450630650964,0.9911117425491643,0.7449246038531148,0.7661700123964355,0.16205175017374893,0.7478110387121126,0.6430752750578052,0.992488791444305,0.7622518834424122,0.7855216587402997,0.14537244821332276
62,0.7287256274112436,0.6222242492922517,0.9913396218488383,0.7487653438435045,0.7738659967516743,0.1580792262197234,0.736880316530153,0.6306458157101978,0.9905737568401287,0.7214210546414634,0.8284214608728107,0.15337480580858637
63,0.7347438754730446,0.6306727504314378,0.9917193956153337,0.7589692664007808,0.7724104780097341,0.15443821970460025,0.7533577740278923,0.6491793633718449,0.9919022399559076,0.7601872808874433,0.803235794272928,0.14304072359584932
64,0.7330562943635985,0.6274228173979494,0.9916980169540228,0.7520772430092789,0.7751639450705329,0.15507884089683377,0.7333289186736496,0.6289109777988993,0.9910634129763688,0.7210998141540671,0.8093493002073512,0.15511558614184617
65,0.7312061135158983,0.6262235575637152,0.9915609085975692,0.7495755276014638,0.7754157351893048,0.15629157125083512,0.7537642307309177,0.650977419664967,0.992585108397834,0.7736774808436588,0.7893124385392198,0.14192196694358167
66,0.7378572603297788,0.633297334576762,0.9917622007602869,0.7560478878575702,0.7818872855846272,0.15269221222504628,0.7396035630401921,0.6355062084723972,0.9925115502970658,0.7739811010215383,0.7545434970987206,0.1505095765173046
67,0.7341148382009461,0.629330743710662,0.9916794854541158,0.7536743730306625,0.7732871906008831,0.1547298864569775,0.7616317231527088,0.6608651876449585,0.9929470941532506,0.7825811009621586,0.7917577581066525,0.1376729946399678
68,0.7316127869971963,0.6276555783873381,0.9917509580074355,0.7560462061055871,0.7704563029976779,0.15573747352112172,0.7607599990807354,0.6585815264282449,0.992902744837181,0.7752479962755876,0.7936318217410404,0.13825996107379912
69,0.7352670696239139,0.6313027016991792,0.9917098956052647,0.7511260183744652,0.7773843781892643,0.15392595871763173,0.7545031521939747,0.6509360917593814,0.9925577819606909,0.7537723155083954,0.8097488897459254,0.14158218473477183
70,0.7364611365767413,0.6326526458873305,0.9919580522664758,0.7584351512581803,0.7722052145142888,0.15340873590388962,0.750707210234876,0.6497015087109692,0.992845444357447,0.7771996007948379,0.7758028431969907,0.14414092516513063
71,0.7393718046504397,0.6353589329262113,0.9917689447486123,0.7597712150146795,0.7804827922305395,0.1516190327617318,0.7556826756896751,0.6524700390929234,0.9918925105573823,0.7568911889294927,0.8168295550069546,0.14182639433306213
72,0.7465311080910438,0.6424341634955517,0.9921126705269481,0.7640983399956726,0.784343650521234,0.1473371947054253,0.7659532485748756,0.6638505967504227,0.9928732441713918,0.793810152955602,0.7908060723707534,0.13526589048726292
73,0.7398959626985151,0.636600200866544,0.9920298592295758,0.7644900350376617,0.7777466777452203,0.15111184826250687,0.7661072934487042,0.6655578567431524,0.9933255284548844,0.7816402163837749,0.7990954248410351,0.13482174051706564
74,0.7443140540705171,0.6408244523891183,0.9921944841395977,0.7640150868615438,0.7832743234412615,0.14854446737918742,0.7584718972747315,0.6562913984103542,0.9924737247915503,0.8088643599317797,0.7656931638371616,0.13982361821925432
75,0.7434389026359071,0.6405653123592221,0.991866025120713,0.7610696082891419,0.7841132449549298,0.14968784985154174,0.7717129769795865,0.6711418331101948,0.9934202912756943,0.7965857268936921,0.7928586048553921,0.13213918272119302
76,0.7440011986466342,0.641553396748942,0.9921373700679734,0.7651283287031706,0.7839656409829162,0.1486745867011852,0.754741209511833,0.654086940087843,0.9921920700066321,0.7422924707866718,0.8299852721230904,0.14176671664772558
77,0.7410204861053201,0.6382461678843165,0.9919834507759228,0.7620280880567639,0.7818969238636105,0.15048739513339,0.7655928538914862,0.6646007978518227,0.992381097443391,0.7608626594737237,0.8283667293619176,0.13619144825354024
78,0.7493754788193592,0.6464771489764369,0.9923634944960128,0.7715511346279189,0.7856865681188051,0.1458265237336935,0.764970497745907,0.663100883040269,0.9925664489431894,0.7509897779484099,0.8402555193022131,0.13606297098646272
79,0.7383768898110057,0.635824347651282,0.9916606254355852,0.7609012743761373,0.7801194242959799,0.15248236926489098,0.7653181815874075,0.6626055862630227,0.9925984191790721,0.7734699465539874,0.8166400113714797,0.13562100245218578
80,0.7468761635381121,0.6448610535887784,0.9921890285819076,0.7664200424454933,0.7871867037096689,0.14741628309495228,0.7611667431663879,0.6601030084322084,0.9927575166062796,0.7607125244569709,0.815790166356567,0.1374176142085749
81,0.748143071698588,0.6458599740682647,0.9923113151345142,0.7709010447873625,0.7820125766271768,0.14629645312075004,0.7682395527255552,0.6671732583654982,0.9929749804761137,0.7778176818426877,0.815802104327779,0.1337193488231245
82,0.7508628108473712,0.64820295035146,0.9923358881889388,0.7697907707025838,0.7894885650900907,0.14475833265067534,0.7736279230851394,0.6758779170551217,0.9932746437360656,0.7818632893188598,0.8164715952900913,0.13078680653827932
83,0.7543613110170808,0.6522309726407362,0.9924877660219059,0.7741114441738572,0.79157870072265,0.14264518477369187,0.767668889032566,0.6693413843264254,0.9930558280778727,0.7743312283939477,0.8102384091115655,0.1342069829242366
84,0.7495951396088267,0.647619302536166,0.9921371378870898,0.7658824189457782,0.7905483782984489,0.14556354466219282,0.7561560084581029,0.6585844823514775,0.9931266319942059,0.7828716615806989,0.7815123632096068,0.14141463498613313
85,0.7502009813175645,0.6489775671168815,0.9922545742849971,0.7681198646855909,0.7889434535836064,0.14537015721894975,0.7746057780283802,0.6746786923643813,0.9932779361789909,0.7776400125078609,0.8206235134895723,0.1301033350305175
86,0.7497357920158741,0.6476441029199335,0.9922316316948381,0.7693213862042094,0.7901184735603111,0.14538215672553972,0.7663523484729717,0.6643177692187715,0.9925409199883526,0.7941976073691391,0.795404304354215,0.13566876789730675
87,0.7508407595545746,0.6487797405137572,0.9922066375959752,0.7718643230754275,0.7892154860635137,0.14488248353780703,0.7702293765389175,0.6698390262739405,0.9929029766810823,0.7758255004882812,0.8173184785856737,0.13299397625710344
88,0.7538511028816534,0.6515869823999183,0.9921145345582518,0.770947378388671,0.7933905495460644,0.1432902151502149,0.7535275843735184,0.6501043769375506,0.9904999091075017,0.7311443083518129,0.8540956828694558,0.14513829285589808
89,0.7541400887245355,0.6515566417297651,0.9924580222645472,0.7722076111754705,0.7934089417374411,0.14304061628185039,0.7709061625387914,0.6721602927444635,0.9926944503071347,0.7704167213772136,0.8255041931986982,0.13297271676339933
90,0.7581136372200278,0.6562405122920524,0.9923951393643091,0.7754280092411263,0.794230195672013,0.1409967186925716,0.7704959080942483,0.6718262531760815,0.9929538302566905,0.7689457202684378,0.8198679639742925,0.13312447476585995
91,0.7534808835317922,0.6527241598381552,0.9923571985821391,0.7711962246617605,0.7923286560662958,0.142869348616101,0.7684484491846558,0.6688630811880911,0.9924992687124299,0.7605759437440615,0.8353756381569131,0.13428921612582462
92,0.7513093837471896,0.6501028496165608,0.9923853908860406,0.770505627227384,0.7876349982134131,0.14461596583037875,0.7757642815005796,0.6755424416982211,0.993098347989845,0.7772947377667199,0.8232214449971093,0.12997240224023213
93,0.7542687231718108,0.6528241272236026,0.9924354217080182,0.7758320511080498,0.7925212986247484,0.14262000770243102,0.7565602621250125,0.6573732747913964,0.993644141666429,0.8144589012004814,0.7558082948575345,0.13960234128230714
94,0.7536536517531373,0.6522557797820069,0.9925077592217645,0.7743241741906765,0.7861324995756149,0.14329283342285212,0.768925973223671,0.671130207695705,0.9930950710320161,0.7849952726474867,0.8064612223724842,0.13290951015760227
95,0.7555640987878622,0.6553724484388218,0.9926549078420152,0.7798816426548847,0.7894495763750964,0.14160396869099418,0.765973693573596,0.6661120753502812,0.9923966103956557,0.7496037045480205,0.8397010192815728,0.13576255132091408
96,0.7616869543873986,0.6613078834705575,0.992783818827119,0.7791315521611724,0.7972581296466118,0.1380552309890126,0.7807536190929883,0.6819786803988829,0.9930092779749191,0.7916374524895788,0.8236180520542128,0.12731227783164542
97,0.7607717999192172,0.6607195833741233,0.992768584988838,0.7807171330895535,0.7939964214036631,0.13888132476875947,0.7752768827280562,0.6790717783963905,0.993685911286552,0.8004203504505628,0.79380527739947,0.1297356691995449
98,0.759715560563775,0.6586872900641242,0.9926687253769054,0.7795648644136828,0.795643163974895,0.13939160216859606,0.7709358083665457,0.6738249244295461,0.9932256974225813,0.7749155066874965,0.8147620176369289,0.13227898627519608
99,0.758467901584714,0.6572587469289469,0.9926022332768107,0.7771467154109201,0.7943236020415329,0.14018697859069637,0.777812647023637,0.6789729131496524,0.9931968617508478,0.7833178598752735,0.8197103163500483,0.128545809819678
100,0.7625414756841438,0.6624358902836955,0.9927648333616035,0.7816973037497942,0.7997031024722165,0.13780498842513839,0.7744027675495785,0.674964310295869,0.9930514522837623,0.7827021971842374,0.8104574077361207,0.1304067572841018
101,0.7637826419153879,0.6628100591343503,0.9929339906503988,0.7844923904468847,0.7954088338585787,0.1369089422271002,0.7739756339174224,0.6724914343505881,0.9929183082241452,0.8008398188734954,0.7962725959253242,0.13108024660076173
102,0.7654023839290752,0.6658955819384996,0.9928580820560455,0.7848232534042624,0.7966635611861251,0.13646761531573395,0.782733140213223,0.6874339492296792,0.9938455793265853,0.7990764656329882,0.8113908028048943,0.12508501027709384
103,0.7697029903877614,0.6690621531979982,0.9930922652399817,0.7907889263574467,0.8026497308598008,0.13354806519698265,0.7739383008206704,0.6766813476130648,0.9933750083553774,0.7942772811313845,0.8055994673287401,0.13080679854791724
104,0.7698792077081148,0.6692651939946551,0.9927601543969886,0.7846328997334768,0.8053801479034646,0.1338967106543308,0.7759173441521489,0.6785667709065453,0.9934681326107639,0.7880946109706674,0.8159188891183828,0.12952718050969314
105,0.7607559523610181,0.6603621464482573,0.9926077020029689,0.7781998528990635,0.7991309249123861,0.13882574941529785,0.7765260144138197,0.6781011020497072,0.9926734568418716,0.7665504429094677,0.8434693814189064,0.1294471748884232
106,0.7633605613264927,0.6630391492400058,0.9927741410427315,0.7820221442122792,0.7965138197638267,0.13768933743758258,0.7690320519300607,0.6709957096850059,0.9935372328204582,0.8097210556744491,0.7733306127812589,0.13341158056153182
107,0.7668770045735115,0.6661977100857469,0.9928090939688128,0.7830765604279762,0.8000212384517803,0.1354753226474967,0.7834290121567093,0.6866013214792326,0.9937271326996592,0.8026201402327838,0.8061241158899272,0.12496283976969422
108,0.7714053804791251,0.6719182067832281,0.9930419512959414,0.7894505827232848,0.8025012948485308,0.1327220167704793,0.7814728117646603,0.6830278137598743,0.9936063311269564,0.8119617804387484,0.7989080049129978,0.12625400642681928
109,0.7719560123460237,0.6727626968261807,0.992985513321189,0.790821636485499,0.8051511884428734,0.1323430634775134,0.7764658041201067,0.6800109151485869,0.9926723208932642,0.7790879755130873,0.8201020425739759,0.12968695620602033
110,0.7725381251684454,0.6728659802398016,0.9930133414129878,0.7880210096752921,0.8051989036937093,0.13194050037756908,0.7854320066068619,0.688383480028421,0.9938331190145241,0.8218225039141618,0.7928765490542995,0.12495738490794195
111,0.7780291126217953,0.678334042429924,0.9931425542332405,0.7935579062201256,0.811467187695725,0.12918672108546245,0.7852410248471275,0.6877550416138072,0.9939932451192803,0.8105712083150756,0.8028715034873808,0.12367986374587384
112,0.7796720145053642,0.6799452478109405,0.9934130844681762,0.7994721576918004,0.8075369107861852,0.1277098974732812,0.7794907443409215,0.6837263077021684,0.993614926912615,0.789421629403949,0.8094113792667195,0.12687904905549457
113,0.7716192010530206,0.672449161493501,0.9928722707338111,0.7873221563045368,0.802057048955629,0.13301769041911113,0.7814694811713021,0.6831816812904203,0.9929205595322375,0.7713343329803345,0.8454969172380832,0.1263883039287693
114,0.7696125413789305,0.6702963136309801,0.9929960515610007,0.7887939942437548,0.8027122440033181,0.1336496567440241,0.7755927297304261,0.6767032431933289,0.9932387185719604,0.7950581857185751,0.812424645887577,0.12972258662477848
115,0.7711414209631986,0.6707090264142945,0.9928782457529113,0.7863507502993872,0.8046391668707825,0.13310662566056086,0.783196197192797,0.6881691783190812,0.9940236234180467,0.8088728472352547,0.8020943363449916,0.12521834502129103
116,0.7740836254386014,0.6753632443588834,0.9931174346873927,0.7968115453110185,0.8038268713063972,0.13126941228848557,0.7892889300866812,0.6934049951320809,0.9939406015876415,0.7938705727739154,0.8255070206561871,0.12166196386855642
117,0.7673582486635031,0.6682167205699655,0.993000976221506,0.787262927307639,0.802009146227393,0.13484266798856648,0.7898305699510394,0.6937234782342122,0.9937113357386153,0.793067328123638,0.8314653761328046,0.1213965513168987
118,0.7776693812636442,0.6790493965842003,0.9932468668665997,0.7955022381488667,0.8076728693274564,0.12916330412723298,0.7850448973639091,0.6886653285068075,0.9940964800179957,0.8341544532637465,0.778210500414728,0.12424912451156814
119,0.7763323416543562,0.6771665932827218,0.9931698808836382,0.7927792422300162,0.8079358786344528,0.12992736623557502,0.7864200067969987,0.6899468204106579,0.9939530092157716,0.8257914992652196,0.794560513060394,0.12285182919726316
120,0.7777785048928372,0.678370384282844,0.9932929221973863,0.7969874226769735,0.805383941115335,0.1287739671506854,0.7837186365757348,0.6869604108295524,0.9937217185390013,0.7863511936238957,0.8255050421107144,0.12465166550329704
121,0.7761555137329323,0.6782492641792741,0.9931684652733248,0.7927749888148419,0.8093227206967598,0.12976954890371756,0.796291409019808,0.7014939480492269,0.9938146328372429,0.8026453493641492,0.8369317843709871,0.11753843146334408
122,0.7722768236038297,0.6735771475143211,0.9928984687078831,0.7923187994679739,0.8046914259361666,0.13287525021925914,0.7829320739592454,0.6859431432016702,0.9940395257469532,0.8414861323698511,0.773675600139773,0.12495139270144986
123,0.7761432920084443,0.6781996956398321,0.9931911916233772,0.7931335305058679,0.806855091868445,0.12980402230696622,0.785743933111559,0.6898425719734547,0.9941767753468197,0.8266042428542637,0.7855708561026652,0.12350646342341456
124,0.7813016325235367,0.683154413693173,0.9932970598686574,0.7985996787631234,0.8115580799274666,0.12687803250412608,0.7941039258233002,0.698027475738387,0.9937647268803268,0.8144359757315438,0.8212306228708287,0.11913450700143036
125,0.7797103021727052,0.6819021885478219,0.9933515353951343,0.7956556313952734,0.8101383555074071,0.12773195892399133,0.7940907928178895,0.6979012066290237,0.993765914042214,0.8086249368111177,0.8246401627108736,0.11887804262815868
126,0.7738165145003518,0.6761980635482211,0.9929997207120408,0.7913569458002268,0.8047868515862975,0.13158535498172738,0.7828005372353319,0.6863633343201071,0.9929901661651401,0.787144717093995,0.8281681278966507,0.12628745787110618
127,0.7814124715189601,0.6834059974481893,0.9935268929531408,0.8003335376811582,0.8109734203926352,0.12644009066875592,0.796900378169792,0.7037137277067487,0.9942422176999174,0.825444860797489,0.8068328809495934,0.11715514580239318
128,0.778883176141007,0.6823444196651148,0.9933013423930767,0.7969904947419499,0.8097377138775449,0.12845108417664156,0.7966269361955507,0.7016220982085118,0.9937894119406646,0.8071613858503942,0.8295117422008376,0.11789942039541781
129,0.7834437946940578,0.6857828939723414,0.9935210593218027,0.7999554778947386,0.8098575878281926,0.12544952939416087,0.7868646234490183,0.6922887771326849,0.9942429350318687,0.8305258632398309,0.7877569174385901,0.1222121706462218
130,0.7832413981127184,0.6862065868322239,0.9934719346983488,0.8008848401003106,0.8120331785013509,0.1256052854059394,0.7821870684104665,0.6897074815496824,0.9938529565476195,0.8009813412353505,0.8093249819448275,0.1252451901701218
131,0.7852569215519484,0.6887978294561076,0.9935782777015553,0.8023530768100605,0.814703588568887,0.12455628130065147,0.7867107847259421,0.6916026287916264,0.9935630333267899,0.792394966189851,0.8274522486030623,0.12311707853903273
132,0.7878846384065096,0.6905960232712501,0.9936834351961003,0.8059609095717586,0.8175697752902674,0.12281960946356141,0.7986630545645217,0.7038360354862296,0.9935511726080419,0.7972603122796998,0.8485632157291141,0.11679765649804918
133,0.7905255888783654,0.6931029187385426,0.9936034315547277,0.8083178771789684,0.8181374894325123,0.12166019264868526,0.7877892017018466,0.6952305236298737,0.9939541126370257,0.7896428693880709,0.8276732123642079,0.12235065196006842
134,0.7887563757425131,0.6921284054947454,0.9936931722385939,0.8023143109194067,0.8183380393094795,0.12248623537895985,0.7970780722461694,0.7035713702743043,0.9942838580757163,0.8211121458792721,0.8147199572603312,0.11654103708187191
135,0.7898084881693818,0.69212375200072,0.9936614171710125,0.8063464771176494,0.8197825641133064,0.12186227613237015,0.7872907304798398,0.6912123808320964,0.9935805708472718,0.7717742375780778,0.8496330148595856,0.12350508217606558
136,0.7779915911513705,0.6802611472301705,0.9934112086545589,0.8010813385941261,0.8030534691588823,0.1289050106478985,0.7862504066680444,0.6905651572653794,0.993329637801526,0.7915949842234309,0.8283934665003085,0.12340561741711613
137,0.78109018400658,0.6843184849550558,0.9934372659339461,0.8014635845672252,0.8099860763827036,0.12697050618657538,0.7495288249370149,0.6584611938203886,0.9930948987062507,0.776438009669715,0.7872428386235618,0.14403960938972296
138,0.7811177275901617,0.6830475046191105,0.9932127470193908,0.7971022094404975,0.8160914307416871,0.12736146929565556,0.796477156211399,0.7021186098304992,0.9943731877039064,0.8294050211657288,0.8012590182536918,0.11727764555868113
139,0.787150616216105,0.6897248071293498,0.9934962111157041,0.8032219472319581,0.819031514054121,0.12384548187689033,0.7957953121215754,0.7006090067986653,0.9945475562909518,0.8471379555188693,0.7863681932319232,0.11784114429919139
140,0.7898002104010693,0.693363172370334,0.9935568356236746,0.8059381742117017,0.8186044824677844,0.122299917648698,0.7938449632792757,0.7013273378415101,0.9944594712665707,0.8294334364041188,0.7982947604057578,0.11837939997521298
141,0.7872529383315596,0.6898973504471224,0.9935147180113681,0.8050384074449539,0.8179374992154366,0.1234061673803385,0.8081041105599812,0.714915741510765,0.9943700888679404,0.8248411297625139,0.8287676346146317,0.11072410144322756
142,0.7839367549086727,0.6866709163715673,0.9934984421314195,0.7999922827232716,0.8139725622049597,0.1251982867197935,0.8001343729015012,0.7048528515375577,0.9941770129003096,0.8057588876937402,0.8339089709719311,0.11513853152465016
143,0.7952656742445258,0.6982607287029887,0.993844538234001,0.811132819846619,0.8220286234173664,0.11890453024399142,0.8013769109640135,0.7076610378672319,0.9940621213573849,0.8106889348417651,0.8301974958882103,0.11534540704350124
144,0.7939185441233391,0.6977016298576842,0.9938023450762726,0.8086097133021022,0.823818250450977,0.11940215690451306,0.8016774346416679,0.7060062886149513,0.9943588177074715,0.8231060372554685,0.8164704011209817,0.11439472383512685
145,0.7920642581789993,0.6960353851318359,0.9937735040520512,0.8089907304492108,0.8198317590841028,0.12069141390451858,0.7789694653021061,0.6797876505962477,0.9919446669573015,0.7474136778162941,0.8763107353786252,0.1292302451395201
146,0.7844048277583233,0.689267327965692,0.9935329175272654,0.8011732669763787,0.8145307614359745,0.1252782923754218,0.7982957352747592,0.7060300950042049,0.9943071749110007,0.8253420789459793,0.8099337991851507,0.116246851366581
147,0.7922335364097772,0.6961139832125154,0.9936757205530654,0.8059880955274715,0.8225165567425794,0.1205762441941472,0.8025491947878601,0.7106373636227734,0.9944232230781643,0.8247362800018189,0.8161942550509692,0.11392542351367078
148,0.7929860557927642,0.6967170079087102,0.9936699125655862,0.8097081617560498,0.8220577090978622,0.12023736724933219,0.8045623263530703,0.7109244746981926,0.9940795010855997,0.8240135735974083,0.8248215246788823,0.11301471716731094
149,0.7952149714841399,0.6991572678089142,0.9937051520791165,0.8096954694320989,0.8227398693561554,0.1188947046825359,0.7995762279140932,0.7072563597010597,0.9940222283752287,0.8032468599747158,0.8335902364748828,0.11593698818474489
150,0.7946204411429029,0.6976907790400261,0.9937134537585947,0.8089643300965775,0.8231445717257123,0.11954004975945451,0.800453359139502,0.7081432602056053,0.994493661840353,0.8241159655532228,0.815549936540241,0.1148404857949374
151,0.793904036283493,0.6975245974784674,0.9937682934971743,0.8091126493243284,0.8208349672860877,0.11961323256755985,0.798943107377289,0.703150687698702,0.9942791799329361,0.8207871145710717,0.8190359442085244,0.11544783041557008
152,0.7868514064439508,0.6896458571386892,0.9934873113105464,0.8016203038914259,0.8181795120932335,0.12371672611943511,0.7901427750144537,0.6961278952604109,0.9939984585792475,0.8204063637336211,0.8038288342762409,0.12140539874889075
153,0.7947975480279257,0.6985470188218493,0.9937940617633421,0.8132473635812139,0.8211116340271262,0.11910830851817547,0.7814549479325382,0.6896835719552892,0.9942406520615122,0.8234551255692591,0.7894042383430658,0.1263506160846253
154,0.7959839337786963,0.7002382146757703,0.9937958706950032,0.8114153583382451,0.8231431703234828,0.11843325130554826,0.8004846467335096,0.7064260422577878,0.9938797429095851,0.8114474382040635,0.8306079031075033,0.11518781756811892
155,0.793915934687437,0.6972294103267581,0.9936506148687628,0.808744449601617,0.8225990644721097,0.11991394133588602,0.7990022767956959,0.7073714060949483,0.994174897497728,0.8066083853753454,0.8321868010806068,0.11631671441056603
156,0.7887710953174636,0.6920548881902251,0.9934763409370599,0.8060083777405495,0.8187346416850423,0.12282230267517788,0.8040470165161332,0.7100015034350324,0.9942974699944993,0.822696327038531,0.8287985729721358,0.11326648128260852
157,0.7846248808295228,0.688072919845581,0.993377070787341,0.8020016616860102,0.815994834484056,0.12514610426110584,0.7907149969060812,0.6963459524949162,0.9942171327088498,0.8240425209521556,0.8000209450029669,0.12033393370266057
158,0.797077730644581,0.6999938536522,0.9939366700344308,0.8132756484109301,0.8242822927097941,0.1175551310744743,0.80435317633633,0.7106500793091618,0.9942519614589231,0.8170847860752931,0.8306828867887378,0.11296267616893713
159,0.7993530260269032,0.7034664569899093,0.9939623000316842,0.8131028593972672,0.8279847904693248,0.11632934303651023,0.8033888272519382,0.710970289388831,0.9944590707302785,0.8273170393160362,0.8161288882201573,0.11295227684669942
160,0.795740771085717,0.6988935685435007,0.9938679032547529,0.8107692734446637,0.8250774775826654,0.11842204247016547,0.8012987816454883,0.7089025349679291,0.9941675210552742,0.8251427840252227,0.8185661558835011,0.11448731793277236
161,0.7935904971388883,0.6987065218908842,0.9939353625441707,0.8115338346985883,0.818832644889521,0.11945462965428136,0.7996310856414983,0.7068648192982888,0.9945245278764013,0.8367307848785024,0.8059841687689672,0.115576549699457
162,0.8009203571912854,0.7061318893765294,0.9940259196730548,0.8158001806153807,0.8256848021302112,0.11549514709690283,0.8001701071404235,0.707002662868389,0.9937429529316021,0.7926856126252383,0.8476495496247434,0.11571356149171363
163,0.7977038763983305,0.7013372522453929,0.9938532339279041,0.8148651292850805,0.8241183040447013,0.11751900942519654,0.7979774962142867,0.7077708123211245,0.994555183609269,0.8278302121231622,0.8093117321523768,0.11594275614119666
164,0.7993268855782443,0.7042783765598785,0.9940067678689957,0.8173060323609862,0.8247967653496321,0.11637340044212896,0.8090382400894719,0.7162887513724052,0.9941965081176148,0.8163144463897617,0.8394775749637011,0.11040513685273198
165,0.8022261906501859,0.7064508854649788,0.994106394953506,0.8162222934323687,0.8291707042344781,0.11446615927960983,0.8031171985046265,0.7088881379807116,0.9938095157482109,0.7915463549651325,0.8565462650339213,0.11416569362558068
166,0.7502033048590948,0.6528688438756521,0.9926068904094918,0.7847948063944661,0.7868861524864684,0.14476240536761145,0.7737688125477474,0.6804637478986223,0.9935923646946258,0.8012251438700063,0.799464734527992,0.13043165810444055
167,0.7896589952152829,0.692632790568263,0.9936790566804797,0.8059604722400044,0.8202586250249729,0.12190992701365504,0.8033971637703684,0.7102790449804076,0.9943663624962805,0.8315490406379644,0.8131873181146531,0.11332939958797311
168,0.80362221390702,0.7087450945793197,0.9940303962591083,0.820210391352343,0.8291807597459748,0.11412741642358691,0.8077411399005286,0.7168088951546845,0.9946113952012471,0.8416065853981217,0.8111685368250001,0.11078303845812863
169,0.7990930167048477,0.7038669482220051,0.9939487864111745,0.8127254732819491,0.8257011428128841,0.11654838079283404,0.8027456810235631,0.7074737285841013,0.9942473880784432,0.8453611391549186,0.8040720378366368,0.11368810656887353
170,0.7934016651192377,0.6975879800874133,0.9939185197270194,0.814345620052759,0.8194550892641378,0.11970901326817829,0.8046766417465985,0.712336740576823,0.9943258996798788,0.8209749237027327,0.8286591233639655,0.11251742946165134
171,0.7912332568057748,0.6940487896980241,0.99367620085561,0.8077293939368669,0.8201883677826372,0.12102531160899373,0.7983179960956768,0.7016984822096084,0.9942186415108956,0.8309246283484129,0.8040248236912255,0.11652003078219983
172,0.7998192947964335,0.7046750059654546,0.9939512114885242,0.8171728374653084,0.8243905226158541,0.11639402637821297,0.8042761914442862,0.7139145987992362,0.9945855922726657,0.8344682597802582,0.8187903303366441,0.11201126045440642
173,0.8051253130962682,0.7110678279815719,0.9941420045702957,0.8214403581480647,0.8326587098282437,0.11324173705868942,0.8102481587531778,0.7174398449231993,0.9943727773921064,0.8285915063496772,0.8317606702598328,0.10919295919786041
174,0.8023299619902012,0.7087764466224715,0.9939881331005762,0.8230283135591552,0.8258275102044261,0.11488242897876473,0.7765183679770316,0.6800437389679674,0.9928601698190277,0.7746714935766422,0.8303815927491651,0.12913197283572228
175,0.774123933772708,0.6775185247493345,0.9931244136289109,0.7954183116901753,0.8049035962930945,0.13106874114465575,0.8055524635730185,0.7129299561932402,0.9943610677179301,0.8136296112236333,0.8365431306843142,0.11229968455407893
176,0.8025032909110535,0.7074120169462159,0.994067806490632,0.8189658699340598,0.8292454293994016,0.11463710249856461,0.7825385626237866,0.6845996032086443,0.992372333484395,0.7633665514615173,0.8656182752811338,0.12683428302731672
177,0.7943913551957108,0.6977605864752171,0.9937768186940703,0.8096888183161269,0.821949724541154,0.1194668409176344,0.803877072600737,0.7110049753991889,0.9942414597952833,0.8168431098298514,0.8362585395271789,0.11273958875982872
178,0.8051379059636316,0.7102631697821062,0.9940878450870514,0.8222976846750393,0.8308005648296933,0.11320193558065005,0.8104634937250389,0.7180678842721726,0.9945008033245846,0.8315633832110721,0.8271422150865175,0.10930134107714251
179,0.8050431716580724,0.7106089792972388,0.9940944317468378,0.8149619785159133,0.8331403458534286,0.11289691286118225,0.8130429956321273,0.722373895271423,0.9944936047444669,0.8299126778181821,0.8329746999138499,0.10814972684809232
180,0.8028850392546765,0.7089375326799792,0.9941112821878388,0.8158469116965006,0.8307526004175807,0.11378450444791206,0.8108188912207571,0.7194179844094983,0.9945918754154089,0.8431357368502458,0.8188926170111048,0.10899647558310728
181,0.8033054297746614,0.708973745620528,0.9940827007210532,0.8168852419354194,0.8292022551908049,0.11421433184295893,0.8124752477222327,0.720063520619762,0.9944899914399633,0.8137256151878954,0.8499854515010629,0.10838979860316254
182,0.804658364417941,0.7100339084863663,0.9942312216342881,0.8207797255626944,0.8288425577934398,0.11305424371777578,0.8069641433537266,0.7155885065761117,0.9942333660208781,0.8127667774136769,0.8405897400202703,0.11149444762233467
183,0.8010888934828514,0.7062695487294086,0.9939345097125962,0.8151340675215388,0.8273617209390153,0.11542259602872439,0.8103310640560698,0.716853375012712,0.9944094627965864,0.8245856046503618,0.8342385891560027,0.10926542737546914
184,0.8107345856206362,0.716690429767897,0.994293448536895,0.8247879982687706,0.8335100443557252,0.1096217860792612,0.8103471783318263,0.7178105607261159,0.9946456388915053,0.8392856798428063,0.818504802806976,0.10930021720869448
185,0.8114659103543259,0.717863104717676,0.9943467960801236,0.8233886835880058,0.8356548769529476,0.10931741623857687,0.8146083654270809,0.7224372263743674,0.9947475221748795,0.8377037224818037,0.827175205435566,0.10695953348973233
186,0.8180546102135681,0.724804085701011,0.994556748589804,0.8334856113029081,0.8386594091736993,0.10574100543419983,0.8117973495637039,0.7226788176680511,0.9946626759578943,0.8263527130699988,0.8328460628823722,0.10852410231077576
187,0.8093306058368017,0.7157085926033729,0.9943797605675321,0.824506662266199,0.8338631810837014,0.1105064184643155,0.8086215226501443,0.7174424109507368,0.994704064246705,0.8325322601722529,0.8258753548685802,0.10989310789220738
188,0.8020080248283785,0.7075030351447504,0.9941487087066784,0.8198989033699036,0.8258535529291907,0.11458918703503387,0.8046004255728036,0.7117199620937574,0.994295604516183,0.8168644615285455,0.8373607934299852,0.11218012262443933
189,0.7994305085997249,0.7042940563933794,0.9940487596877786,0.8160257990970168,0.8274644776139148,0.11631275215294472,0.8099543853664259,0.7172763450571346,0.9942842399260822,0.8069794632180854,0.8577132478507752,0.10969951054749061
190,0.807000840126082,0.7131043305230695,0.9940640455068543,0.8218602208897124,0.8330879700045253,0.11217152413933776,0.801811849863332,0.7100091948564582,0.9941398146709614,0.795077799107063,0.8499735086853515,0.11429406724280863
191,0.8006298898957497,0.707503795970318,0.9941347120113151,0.8157697354638299,0.8277672511893649,0.11535238223366959,0.8088614419859622,0.7179182803336699,0.9946911956125489,0.8365184839474272,0.8159155272087961,0.10983612078832698
192,0.811720592684524,0.7177825680998868,0.9943417040414588,0.8260526359081268,0.8358199502839598,0.109448827088399,0.8058663814265081,0.7149818896901279,0.9947218623320492,0.8413046947930478,0.8116613773545264,0.1113872946076452
193,0.8094961469949677,0.7155979435111202,0.9942145105018172,0.823615156980448,0.8348963416593019,0.11076449958044429,0.8092896363904757,0.719078091301662,0.9943996234452257,0.8112907364683332,0.8439556447618759,0.11011548973322563
194,0.8083871505981268,0.7142192000566527,0.9939834971067517,0.8184868596320929,0.8364081465920736,0.1116364290504608,0.810597358836491,0.7202170723062469,0.9943992804373643,0.8246037787034654,0.836315325624884,0.10935160310611843
195,0.8097667472307072,0.7168289530415868,0.9943098637253739,0.8240614450255106,0.8343862156535304,0.11006746893791958,0.8141821056215095,0.7232640250673834,0.9947686306970039,0.8365707223578012,0.8296675655250106,0.10691897013915382
196,0.8091620265744454,0.7154618910578794,0.9943921801655792,0.8282177590353544,0.8307503645503244,0.11066622847994399,0.7909840151602713,0.7006170825792155,0.9942922322255261,0.8212911266893018,0.8053371743643751,0.12025146364235739
197,0.8022115410760392,0.7081443152801935,0.9940398668133935,0.8178233098845149,0.8293354393437852,0.11486521811592718,0.8007311356430995,0.7085437439868689,0.9943533746528349,0.8151193559602314,0.8258374962301489,0.11412063214376418
198,0.8010581905065581,0.707065760049709,0.9940596912489381,0.8182856988075168,0.8258659794580104,0.11541988904219727,0.8098439173705346,0.717967222581235,0.9944843770111593,0.8241136356950325,0.8319172143763139,0.10920643656283444
199,0.8069773115390955,0.7129217018914777,0.9942868902932765,0.8254863689112109,0.8304205339315326,0.11183802915607081,0.802839408159602,0.7099438119349875,0.9944321286522598,0.839354711883473,0.8099576675147899,0.11296774564562324
200,0.8091326092564782,0.7146116176316905,0.994308436332747,0.8255624164675557,0.8328321842953216,0.11069870969757091,0.7997105971995216,0.7086986930519126,0.9945856425343473,0.8356057616553563,0.8012431537291828,0.11452454084149293
201,0.8084065040876699,0.7145700908677523,0.9941256496795389,0.8226338676935019,0.8331741985193518,0.11137939627867105,0.816438703301683,0.7249377940839538,0.9946369308172704,0.8275501244473007,0.8425343110184192,0.10551362492938908
202,0.8116897646077844,0.7175912870917209,0.994343469655791,0.8264463977065197,0.8351807829945587,0.10917460992065973,0.8146089740173218,0.7237178774115309,0.9946207022632327,0.8252787249181717,0.8396930653920887,0.10656399372559587
203,0.8135287439407304,0.7197500439577325,0.9944006277378216,0.8292977439109669,0.8358712868635044,0.1084357799832211,0.8180549535765185,0.7280145792725816,0.9946518816345835,0.8257750366180486,0.8445948584678384,0.10499893838245049
204,0.8083085102397342,0.7144685117311256,0.9942003363786742,0.8246038382829621,0.8307270799265352,0.11146496426920559,0.812806010073259,0.7204971842046054,0.9947077772094827,0.8323844343380589,0.8304621599755198,0.10805473266323523
205,0.8097739638977273,0.7160746372023294,0.9943326281946759,0.8217028226963309,0.8370179949804794,0.11033705407537,0.807956782065559,0.7173280843110493,0.9950023836771186,0.8538337825690714,0.8029970845048071,0.10976865993074651
206,0.8160791535710179,0.7223071123278418,0.9944831105165703,0.8315074984417405,0.838997850930968,0.10660793790377157,0.809829191908954,0.7169454859891374,0.9946745948106354,0.8121031518425409,0.8515178813816674,0.10955831993246892
207,0.7762654482625252,0.6804867778406587,0.9931878586148106,0.8008164430773536,0.8051472680513249,0.13007041573697745,0.8092106136078412,0.7148848776374396,0.9946498898532463,0.8277287301546603,0.8365457397067841,0.10934848078838799
208,0.7859139307293781,0.6895236792259438,0.993493820345679,0.8070040383311206,0.8160055227750955,0.12410905028065276,0.7981158743229937,0.7034122063217385,0.994418606702752,0.8156748836203134,0.8213696680498054,0.11609111047053848
209,0.8083885506142018,0.7145323399887529,0.994334647475287,0.8275995257981988,0.8311259739620741,0.1111396954849709,0.8131417504934856,0.720812011785881,0.9947013445793285,0.833362549846162,0.8289713938281221,0.10762776581757041
210,0.8102584616389386,0.7165929526090622,0.9944139389797698,0.8273682126472163,0.8323247138150903,0.11013195366966863,0.813009744372181,0.7210381666011838,0.994705919516969,0.8306724972406562,0.834721527096149,0.10755867533201922
211,0.81064329417639,0.7171832458224408,0.9943244360214056,0.82736525459345,0.8349501220292823,0.10991221404266219,0.8092331963284441,0.7200722045580085,0.9949151346749249,0.8416546897203033,0.8161546806811595,0.1091340048325144
212,0.8015198953622995,0.7078777231102766,0.9941070661988369,0.8188556519358657,0.8265911628340565,0.11494844272559465,0.8054469329006267,0.7149359416892462,0.9943807018685583,0.834079863976671,0.8186653562657892,0.11234476344581526
213,0.8110511642555858,0.7166614899801653,0.994356324852899,0.8255908759527428,0.8346929993740347,0.10960394512255524,0.8168641487988055,0.7250242163204144,0.9948139010735277,0.8327903212068389,0.838384765585552,0.10530132315350028
214,0.8141394766957261,0.722163867811824,0.994368109245633,0.8290651464878127,0.8381257431451664,0.1077688068671282,0.8191378363158084,0.7287851687093605,0.9945413874264899,0.8264473206938092,0.8508020865207833,0.10435394328547147
215,0.8026551493378573,0.7076735739098039,0.9940001011587852,0.8193238134994063,0.828539180547692,0.1145883341384835,0.8152808883539651,0.7232040454929557,0.9945240668703752,0.8263309695724133,0.8452493086435625,0.10596145193953559
216,0.8109245064646698,0.716974105252776,0.9942845955144527,0.8223107121018476,0.8368746555128763,0.10960895150120176,0.8145949361286247,0.7233817361954854,0.9944703165436345,0.8376690507454173,0.8290966248304646,0.10685129955286601
217,0.8110826407061067,0.7169831114452939,0.9942851603724235,0.8280173120803611,0.8338903199101604,0.10956713693692934,0.8121662855321333,0.7215367438831246,0.9948269807894448,0.8405064868650174,0.8264261911500175,0.10782240547580409
218,0.8028170878804007,0.7086760228456452,0.9941056734600733,0.8189149779635806,0.8318018396926481,0.11424733315009711,0.8059482494009597,0.7124285828565479,0.9945726538258125,0.8374730582161116,0.8181897778123487,0.11159074956656627
219,0.8045043401246847,0.7097777124754218,0.9942584651154142,0.8219598032707391,0.8302321406297906,0.11310298409486233,0.8067298209719111,0.7150535828316332,0.9936461432232739,0.810730835955444,0.8528511066568261,0.11155288419125302
220,0.8156374020631924,0.7229897778394611,0.9945518540781598,0.8305361004069794,0.8406617922145266,0.10664121217505876,0.817473708026122,0.7265490159413984,0.9946103820087948,0.8289519520733284,0.8458757370234574,0.10535621511951326
221,0.8087335048719894,0.7161212036775988,0.9943164878113325,0.8270282734965169,0.8292957481949829,0.11068825939193715,0.8107550164957698,0.7186736038876549,0.9945690501237988,0.8334472953667661,0.828332458507859,0.1089671140155486
222,0.8089580230934675,0.7149209938077039,0.994228403928668,0.8221476771110712,0.8356032517067221,0.11082477116047643,0.8176129302023457,0.7276218184884989,0.9949945738249836,0.8401526767214428,0.828089958957041,0.10504672498711222
223,0.8181656106959941,0.7256110369466072,0.9945971064789351,0.8355936311012091,0.8383955407974332,0.10540226621683253,0.8044243965335786,0.715353887641724,0.9946885383181026,0.8390558732265312,0.8115365505218506,0.11209755889525304
224,0.8144475692926452,0.7224294817031816,0.994545137812925,0.8345465379398923,0.8343419747990232,0.10754894740273092,0.8108226450157442,0.7189790781246733,0.9949459161917599,0.8625422763720653,0.798376679593489,0.10847781776722266
225,0.8140857555838519,0.7216496661651967,0.994528807526411,0.8312680423259735,0.837375859188479,0.10767787547652112,0.8164352227018603,0.7256083954747425,0.9949028153724006,0.8325664016089696,0.8370953038745764,0.10520357506806557
226,0.8138533276180888,0.7216409749762956,0.994435993391414,0.8293903813112614,0.8375914221586183,0.10782113543516675,0.8225727713679022,0.7326939375030285,0.9948910098463427,0.841558735671687,0.8406052506367943,0.10220804207259451
227,0.8206116418505824,0.7281915697940561,0.9946452153976574,0.8345758790193603,0.8413881285246029,0.10394684013065904,0.8215171121201426,0.7298533252084896,0.9950034552630908,0.844924402513767,0.8339330822186131,0.10263751832300633
228,0.815931616827499,0.7237660950699518,0.9945417587147203,0.8302398812632228,0.8376938520475875,0.1066315870862021,0.8174451635434077,0.7253476176275744,0.9948307296534236,0.8421651042770751,0.83261799803666,0.10537835433862898
229,0.8160338945860086,0.7230931724919829,0.9944288948940676,0.8308988092250602,0.8394568371911382,0.10683881775151159,0.8139268590680747,0.7236713145917663,0.994918213094786,0.8314972992213268,0.8371503331491666,0.10659730033908467
230,0.8155094686635705,0.7228056254775025,0.994539464282435,0.8304737633050874,0.8378838262585706,0.10686571222491735,0.8094207532866081,0.720422873562756,0.9947010629927991,0.8214076348243846,0.8383045605720387,0.10945899872560762
231,0.8199202556942784,0.7283844670584035,0.9946310385022052,0.8367315062949824,0.8387600893891135,0.10454484525808068,0.8201357138347211,0.7289617933624888,0.994315740418538,0.8156128332819059,0.8698642829160039,0.10401924218203878
232,0.8192111617603968,0.7267015337250954,0.9946648339892543,0.8338390658068102,0.841464642521947,0.10473620109693256,0.811431541325219,0.7214131915863435,0.9948551757761287,0.8339396337120211,0.8306317323351115,0.10773602882008161
233,0.8195008070662965,0.7269586570734201,0.9946295192768407,0.8321069718100303,0.8411089147246161,0.10453295233377884,0.8210655086618377,0.7320222313068429,0.9945042773497295,0.8219296309356247,0.8598652822877915,0.10361112596356298
234,0.8213083896526071,0.7299485726411953,0.994754102687503,0.8373721124127854,0.8404396751592326,0.10352550078789856,0.819354616678678,0.7299472917147056,0.9949186791183294,0.8429511006926936,0.8307876507325858,0.10368949250035604
235,0.8203292281128639,0.7279111396434695,0.9946462515481683,0.8353305840215017,0.8417076794214027,0.10433737340188304,0.8190306707113678,0.7265185836610669,0.9944502976013372,0.8086120768278534,0.8715657035567418,0.10445757614819033
236,0.8198950945637947,0.7287125164686248,0.994628676148348,0.8329770329386689,0.8408694461334584,0.1043092332087284,0.8199098724412295,0.7300251296711937,0.9947823748879232,0.8102339240566913,0.8686821297222022,0.10360994724305388
237,0.8251224278017532,0.7338713313951049,0.9948479900526446,0.8340286238248958,0.8475146314432455,0.10125871791049491,0.8184728881963279,0.7276639899425479,0.9946471074669039,0.8257667276959634,0.8492358935934712,0.10451133624097692
238,0.8230728836253632,0.731684360393258,0.9947502748217694,0.8376280901043914,0.8416900049115337,0.10249769696316054,0.8206386688139684,0.731104103331988,0.9949710858750586,0.8469720561549349,0.8307490089289162,0.102876098829231
239,0.8208616836819538,0.7285460708446281,0.9945938687684924,0.8343047981345376,0.8444234652574673,0.10399997524570587,0.8164788822823236,0.7257231729989128,0.9947371856567648,0.8315866759968773,0.8394375244488045,0.10517352941636596
240,0.8113309543493182,0.7179174353910047,0.9942751003559246,0.8264485822860584,0.8371175856784333,0.10963519937683676,0.8146664885201198,0.7218955713709484,0.9946906694653073,0.8308511448183322,0.8348019288309426,0.1065462207345965
241,0.8016407562549724,0.70779028084389,0.9940520192301551,0.8199281311312387,0.8256937462923138,0.11493877293325441,0.7901008957010223,0.6977602019365363,0.9932676427423175,0.790959927530524,0.8376610056755331,0.12140547875477155
242,0.8075146332036617,0.7147093436052633,0.9942717950704486,0.825662758114726,0.831816011043482,0.11175651341503443,0.8135023570372162,0.7220888732998741,0.9944364785802036,0.812873216256694,0.8558406379987609,0.10760629594228696
243,0.8173991206080414,0.7263135795676431,0.9945178361133088,0.8351138965335003,0.8375957105741945,0.10607696547671112,0.8176027846094139,0.7277794502816111,0.9947862460755126,0.8339132967638866,0.8354663763233124,0.10485493694668628
244,0.8149156955092453,0.7235869117254434,0.9944403247777805,0.8320046524668849,0.8349989136291105,0.10753867692898872,0.8205974596851277,0.7296799816656182,0.9945437415936862,0.8300317332948759,0.8473287432390997,0.10383095946271076
245,0.8173150278108064,0.7244068789620732,0.9944988655489545,0.8306933540937512,0.8412863092367039,0.10607582900326612,0.8147873359425494,0.72467959930658,0.9950150772172238,0.8558006065158262,0.8139799086725764,0.10645162495845288
246,0.8196290176968242,0.728327747347743,0.9947364860495855,0.8374784699706144,0.8382556227057479,0.10443629001722086,0.8113094080342264,0.7232363676471184,0.9949552033566944,0.834891330261535,0.8242831417887927,0.10825527514262107
247,0.8222228156965833,0.7310732700103937,0.9947384055270705,0.8375367491051208,0.841357386389444,0.1032230464395049,0.8187961651901722,0.7283681761716724,0.9948765799857362,0.8263648100446028,0.8471205250964282,0.10422827088218642
248,0.8216632809056792,0.7300719774739687,0.9947165670089944,0.8338387611993524,0.8449275105498558,0.1033640224703176,0.8035753672977664,0.7147083907065094,0.9949580730305355,0.8553183114234526,0.7940901761823191,0.11238715859570679
249,0.8239770084619522,0.733082783083583,0.9948094060947729,0.8391843985679538,0.84490922959738,0.10186397364406391,0.8231747640061621,0.7347206802949504,0.9950315097592911,0.8320766270420202,0.8477606158298056,0.10147229362149414
250,0.8266845082127771,0.73609747512396,0.9948912245589633,0.8395336006962976,0.8450516313314438,0.10035768517314694,0.8233386823158652,0.7357134094086025,0.995081576017233,0.846542136243535,0.8331089333802765,0.10136661917533514
251,0.823858484972355,0.7327507269936938,0.9948808377565339,0.8379876045293586,0.8443540563417036,0.1020321355006376,0.8212335342419684,0.7317410213507831,0.9945873771246702,0.8180809537454337,0.86511793702365,0.10319769548195454
252,0.8188797731039136,0.7271166717590287,0.9945877773124118,0.8325119358162547,0.8425184557604235,0.10512396840508594,0.8136809691462358,0.7256900955353836,0.9949673182386445,0.8332558083084395,0.830435333386907,0.10669922155661965
253,0.8243490890708081,0.7325418906849485,0.9947997844496439,0.8387259393930435,0.8458926060865092,0.10168866401668204,0.8122368445417185,0.722918149694822,0.9948178883560856,0.8336325055109918,0.8270680935531638,0.10795670908879819
254,0.8247338654690011,0.7339974523976792,0.9947508947793827,0.8406834137994189,0.8430702904629153,0.10157533174077439,0.8221660719208517,0.7307362988137023,0.9946068542616114,0.8202635486689984,0.8633350070744363,0.10245717790231909
255,0.827683413791102,0.7361368013675823,0.9948715803235076,0.8383006138163943,0.8504578076129736,0.09992312276086142,0.8218275998085088,0.731651759632094,0.9951666149760884,0.85765695364278,0.8191860694497693,0.10211564837285846
256,0.825571465630864,0.7338577633680299,0.9947754674872686,0.8410915999218475,0.8440100502136142,0.10120159872742586,0.82550935509935,0.7374339642649292,0.9951064883364994,0.8455135418299493,0.8444805097683766,0.10045549194957028
257,0.8263600330020107,0.7360855715219364,0.9948887325996576,0.8404699023379836,0.8471823546082474,0.10055532124499943,0.8233856063103642,0.7339611550893078,0.9950062258842203,0.8331841922463803,0.8470203180963657,0.10126032526990066
258,0.8281416743993759,0.7380623997643937,0.9948696074790733,0.841388160406157,0.8486802096283713,0.09951593185406785,0.8235683046681441,0.7356297642814403,0.9947550692129205,0.8423675065116716,0.8388409797096806,0.10147401970285376
259,0.8293940511553787,0.7392622918583626,0.9949462874684223,0.8442692715068196,0.8484811554121416,0.0988141167259147,0.8223512417519213,0.7328363203690949,0.9950759116727832,0.8329771939659673,0.8465993149187119,0.10184230584872911
260,0.8236961004345916,0.732770532023075,0.9947537783273431,0.8436062044875566,0.8443474485430607,0.10229331174822048,0.8264033275349566,0.737428294989471,0.9950731988396112,0.8375719132547974,0.8485499425792555,0.0996500420882887
261,0.8313697184934172,0.7405182254868884,0.995076794610467,0.8451504620701767,0.8521493420351384,0.09761457093233286,0.8285675121495616,0.7391573700226616,0.9951135697835416,0.8317333138906039,0.8589313264682089,0.09836111810188118
262,0.8249071541913721,0.7341468140136364,0.9947629466999409,0.8385840661303942,0.8443741202354431,0.1015278858804079,0.8181687931709954,0.7281357701354172,0.995240515046611,0.8646971838567703,0.8092766039949371,0.10419997070606457
263,0.8241820217565049,0.7341202913328658,0.9949249954417695,0.839809941344483,0.8440962142722551,0.10147242356351642,0.8218492741854686,0.7326434036643827,0.9947609652282537,0.8265325816345491,0.8564041973198446,0.1026335960694728
264,0.8258313533178595,0.7346695422433144,0.994893440326979,0.8383901718744012,0.847816840853802,0.10061953201630087,0.8213693437278703,0.7322111652274609,0.995232479406199,0.8549207897075548,0.823065999284365,0.10213547934614478
265,0.8289993575146032,0.7379277254952941,0.9948599158331405,0.8438593215027521,0.8479972058950469,0.09920096133164195,0.8234293315510964,0.7340155614131767,0.9951373247864976,0.8340796626704179,0.8441180827309673,0.10133992932623331
266,0.8307752169148866,0.7409231104823046,0.9949944646552552,0.8444105549607166,0.8481452766545984,0.09806326415043237,0.8236659804172544,0.735781871268988,0.9950119305418261,0.8433798777347725,0.8378225562361398,0.10117351198609491
267,0.8273491821316785,0.7360420833493388,0.9949410134969756,0.8445591049831968,0.8456505519706149,0.0999669965443223,0.8260008111401462,0.7362694796526207,0.9948234465540926,0.8309542758198366,0.8525482989707083,0.10052329896447751
268,0.827109104325605,0.7366407718076262,0.9949690831262011,0.8399664472008861,0.8485326967960181,0.09999176989807639,0.8217276270745973,0.7313439570940458,0.994780949307457,0.827000491937463,0.8541028436451761,0.1025836808290684
269,0.8318473204623821,0.7417738978252855,0.9949580361676771,0.8453124075434929,0.8502907908933107,0.097659022070814,0.8216797834902958,0.7335299150518132,0.995241775568061,0.8439027019093794,0.8296231147339798,0.10205536713507378
270,0.8218225760515346,0.7310455133055531,0.9947025432836177,0.8368413129518198,0.8452338794636172,0.10324936927577784,0.8226681003030741,0.7337307006942516,0.9950469847341408,0.8413988475529652,0.8386855394469982,0.10190102060599839
271,0.8220990923948066,0.7310961211143538,0.9947438035593477,0.8351660873307738,0.8450735017310741,0.10304798118683488,0.8118512215219839,0.7237843107242888,0.9949702925882769,0.8284415205608086,0.8337298319370895,0.10799368562958107
272,0.8187123803898345,0.727487783792407,0.9946527616229168,0.8291618058154749,0.8435681386049404,0.1050963575496923,0.8201088105992067,0.7311581744337982,0.9951488056445849,0.8339872583422502,0.8393425467398412,0.10298574612447546
273,0.8278727212617564,0.7375146958024003,0.9949591752401618,0.8409234455158544,0.8466617135807525,0.09963331105144219,0.8193505870932591,0.7293435743481397,0.9947297305777042,0.8234398817462395,0.8501163476264356,0.10379883320934541
274,0.8278880649527838,0.7369753562433775,0.9948727412279262,0.8429042748933615,0.8484021584654964,0.09994859064301086,0.8268009661244031,0.7391801928055131,0.995063788399468,0.8290923838172491,0.8568376910876813,0.0996170488506534
275,0.8291720429132151,0.7378707230091095,0.9948705119449038,0.8413158201201018,0.851646461805632,0.09887767689259247,0.8211409844923089,0.732165641639333,0.9948643773837429,0.8269788235296186,0.8534419819474739,0.10284787189237049
276,0.8258408914471782,0.7344988740460817,0.9948967840782431,0.8365312336489211,0.8492101957631666,0.10073230365767728,0.8150376823713195,0.7246780879957756,0.9951541837310237,0.8797801408608524,0.7972141879736425,0.10610675943828848
277,0.8274034833492234,0.7360968790775122,0.9948630145815915,0.8386621270761934,0.849987481569135,0.0998951551006284,0.8225615317831884,0.7328859603975958,0.9953137436349091,0.8722980698930162,0.8099916736515582,0.10224383720838842
278,0.831424642094346,0.7419984312944634,0.9950555878323178,0.8465451435294262,0.8475205776996391,0.09763297973590535,0.827187909962304,0.7386494303995362,0.995138069628285,0.8403293949772208,0.8501883889663375,0.09894333492440045
279,0.8344687847203986,0.7437659432721693,0.9950632709403371,0.8473720609448677,0.8513019306715145,0.09618064039928276,0.8199738322909926,0.7305929711837381,0.9943183721928535,0.8139312574410127,0.8633304667403632,0.10441222967355579
280,0.828564754405687,0.7370974573978158,0.994843527674675,0.8413938821055168,0.8518833216539649,0.09938975057543017,0.8232875317551401,0.7362072904673993,0.9952213504663918,0.8535276451546845,0.8239455890932346,0.10153225463029694
281,0.826691423391187,0.7353701387033906,0.9947732205307761,0.8378670922545499,0.8479143835084383,0.10050547883174447,0.8206540124682798,0.7307869721047245,0.9948819081565292,0.8278450167404031,0.8507186042034055,0.10280990352683818
282,0.8312701600235562,0.7412804586942806,0.9950183151766311,0.8468606132407521,0.8497924582902775,0.0977320273645049,0.8025777072622745,0.7110556412504443,0.9942031971602031,0.8069004442418435,0.840510880393456,0.11415711459426645
283,0.8252397345942121,0.7345439805540928,0.9948833948651026,0.8402788618276286,0.8457562057084815,0.10116270442255014,0.8248557845463081,0.7361574762964457,0.9953221300689852,0.867769920687544,0.8186978802452586,0.10086675076130426
284,0.8306716916173004,0.7407375546388848,0.9949437355579331,0.8469782249872074,0.8482432233732801,0.09808871481394352,0.8290497204734902,0.7413150301346412,0.995223032718819,0.8422401893467619,0.8519592668390759,0.09827758226657207
285,0.8337527478850165,0.7446399850900783,0.9951102795989014,0.8469047380048175,0.8510742929092673,0.0961906015439782,0.8266984271034274,0.7391377612191464,0.9951291379284962,0.8443265615250098,0.8411052998679815,0.09972005558615153
286,0.8329961840496507,0.7438805224590523,0.9951974174310995,0.8486068023498669,0.8492612772902777,0.09645305255557908,0.8208098487687907,0.7313318688568425,0.9947787856328989,0.8305338075268252,0.846149990624371,0.10312213353455846
287,0.832233051921046,0.7422315156043962,0.9951265301815299,0.8464708144581595,0.8509859792714896,0.0970551022220143,0.8294263241599018,0.740795034628648,0.9950798408213478,0.8343262655987622,0.8591209806620815,0.09792898088850416
288,0.8340440524178881,0.7439263702131981,0.9951587049073951,0.8455933834924254,0.8553342926640843,0.09602276214160198,0.8208623202341907,0.7307369834452824,0.9946809609154312,0.8315973879636978,0.847258265288371,0.10295569438876581
289,0.8326874527820322,0.7437959750031315,0.995109302359958,0.8477121452952541,0.8499917911235676,0.09679952339637418,0.8309787033431243,0.7426062044626742,0.9952247089156219,0.8383516353515824,0.8540226798099081,0.09706798165155296
290,0.8309033866538558,0.7407997805018758,0.9950795949891557,0.8457539833562319,0.85121555972931,0.09773890230111605,0.8313010275277413,0.7438775620197523,0.9951589247657876,0.8455059278340056,0.847983477250585,0.09708190386701261
291,0.8344168361536292,0.7451309319152388,0.9951731392810511,0.8483099999815918,0.8517341648423394,0.0958459185826224,0.8302763681453268,0.743475271413219,0.995359958429295,0.8559682595885544,0.8378597950381707,0.09696091783972367
292,0.8302339433237563,0.7406664449115132,0.9949898498002873,0.8434617467397867,0.8503159634595694,0.09817163903959268,0.826270974772416,0.7395697725701574,0.9952249341848454,0.8510671317663872,0.838631963522237,0.09942117928972005
293,0.8319986261600671,0.7424674661353577,0.9951328825812007,0.8449823499418968,0.8518658574930457,0.09705142789455347,0.8148358728093229,0.7289089281084922,0.9952390201725012,0.8516325137438726,0.8199563393226037,0.10568943419405874
294,0.8356969477825387,0.74589711323727,0.9951596617005593,0.8495750756457795,0.8523341985635979,0.09531984168516341,0.8254995864257757,0.7387607173753581,0.9954470018862986,0.860640433685873,0.8221639094574185,0.09962878366918757
295,0.8315589570028837,0.7420300962620003,0.9950819913037988,0.8439563575179078,0.849402388861013,0.09731381408177144,0.8246265095273365,0.7354817112748266,0.9950330161390872,0.82155733132743,0.8639611398533571,0.10090565489651027
296,0.8298302625500878,0.7392432239166525,0.9949076861836189,0.8441664022068645,0.8490431076565454,0.09872954901914265,0.8188187416821329,0.7309185355598937,0.9951398385626484,0.8624461146155359,0.8135119968125021,0.10425113553670606
297,0.8328235821668492,0.7438738262930582,0.9951216893833738,0.8460621431816456,0.8515730562598206,0.09677973692846853,0.8242006345999431,0.7359788099463342,0.995127454637962,0.8408609453064264,0.8407462826660997,0.10107452851410614
298,0.8319043492855027,0.7427415535893551,0.9949561388686646,0.8460833447617154,0.8501337447831797,0.09742098661182924,0.8176591627310599,0.7265831982968335,0.9948952436793179,0.8390266602028956,0.8337413310485585,0.10496203802899066
299,0.834394097328186,0.7446850160526675,0.9950854130262552,0.8470229575800341,0.852481692682865,0.0960423692541067,0.8302957321286029,0.7410188193591136,0.9951600619255199,0.8511804672733966,0.8411241484311218,0.0975740265279619
300,0.8289153880851213,0.7388312899789145,0.9950302957102309,0.8433185178180074,0.8488599987224091,0.09900329223032607,0.829067317598617,0.740865537753472,0.9951109064334709,0.8452322947615636,0.8459905879936993,0.09834958997207689
301,0.8334267083988633,0.7444780337256055,0.9950784694316775,0.8485255109709363,0.85220069455546,0.09645315811990998,0.829857547674193,0.7423840334695725,0.9953377790132697,0.8473513099555526,0.8485042048815545,0.09752462632381
302,0.8323203914387282,0.7423022559215856,0.9951424241759056,0.8444862175126409,0.8533583418574444,0.09686269446514374,0.8248503123381661,0.7373081280461936,0.995130673202271,0.8357627561372666,0.8486418283729664,0.10004564232215912
303,0.8345530504404113,0.7451309052317642,0.9951081272474555,0.849078083800715,0.8539708551279334,0.0956977111352391,0.8259131558920718,0.7382476407661493,0.9953202392435558,0.8629163407621951,0.8252998194258514,0.09977426362482099
304,0.83615567275258,0.7462106527284135,0.9951300000728562,0.848998794375464,0.8552410962969758,0.09486385272425968,0.8281655867836818,0.7402955163892018,0.9950920858127112,0.8395436965848261,0.8529448218546343,0.09871642960908623
305,0.8374198633571004,0.747769849591477,0.9951870992433193,0.8524336111406947,0.8536952182997105,0.09424487540368424,0.8191529792694291,0.7305442382877555,0.994733200450421,0.8274224474917995,0.8484776830638614,0.1040096189907829
306,0.8382198235323263,0.749449028178703,0.9952789974767108,0.8531960162312485,0.8553923281819321,0.09357285675007937,0.8314881675994276,0.7433329182197117,0.995265603844071,0.8559721142529403,0.8402391005150639,0.09662679300058216
307,0.8303767272899317,0.7413751625044401,0.9948723139457925,0.843980209771977,0.8495787042517995,0.09830620980193448,0.814410148926501,0.7260199796478704,0.9948172282930382,0.8307933211326599,0.8353304933048298,0.10657552395053803
308,0.8293203410021094,0.7395235799079718,0.9948432487110759,0.8417178621125776,0.8507732000461844,0.09899769532819126,0.8255644872330443,0.73780045107937,0.9951147599732408,0.8423417891404106,0.8407128981824191,0.10026713553275399
309,0.8354522980922876,0.7465119233658147,0.9952087696901587,0.8486123611760694,0.8527939284956733,0.09516322807690432,0.8270963215862546,0.7406923250120853,0.9954320720906528,0.8646084770927928,0.8251496336283636,0.09903273965044188
310,0.837638262745946,0.7495946658905163,0.9952561900366185,0.852613048151482,0.8558628441289414,0.09394074482626694,0.8337033264695819,0.7462689854929166,0.9955222012342666,0.8729400345825837,0.8256993727171889,0.09557866822544307
311,0.8411763518355614,0.7529739734045294,0.9953033854795057,0.8559705774451412,0.8563070182883462,0.09215928837223801,0.8275374665488698,0.7383302863692683,0.9951162640172961,0.8557069192603988,0.8312779347505556,0.09922937766198713
312,0.8369322034508683,0.7482745494953421,0.9951869128055351,0.8494281820779623,0.8533290752837824,0.09452103160668252,0.8285142491275582,0.7420011835797259,0.9953297064335495,0.8456996378254994,0.845036128176314,0.09798101474448541
313,0.8375352347312972,0.7490807276132495,0.9952036724534146,0.8534515877795774,0.8543272257544273,0.09426913761295551,0.8321900932640054,0.7462342933404256,0.9953853596969682,0.8520211842132757,0.8450439602612411,0.09643909920288145
314,0.8365551718445712,0.7480992369873579,0.9951530847438547,0.8495826589506726,0.8549053429864174,0.0947456038232113,0.8136473376795931,0.7268867346475709,0.9949756575253601,0.8504201772424064,0.81404629674117,0.10678943799719409
315,0.8320911738068558,0.7428267930829248,0.9951558223990506,0.847664683710697,0.8490703206422717,0.09697553777504106,0.8290732749487735,0.7419486657455455,0.9952366819229458,0.8415833294651159,0.8471576052411028,0.09828690694528801
316,0.8359439660643422,0.7465308027905088,0.9951873217211213,0.8493881669155386,0.8537650749433873,0.09484155907100716,0.8098893350717464,0.7193865834888076,0.9949050774941077,0.8473159251261518,0.8101550765411255,0.10942903594674842
317,0.8314997176098269,0.7419330449991448,0.9952283986779147,0.8464673085268154,0.8501713667498079,0.0970686943335242,0.8314539418165154,0.7428354117451628,0.9952144352894909,0.8487694198576563,0.8467426724807617,0.09702643751692573
318,0.8431856739659642,0.754838996501856,0.9953147325404855,0.8554473436155985,0.85930670000786,0.0909900009675428,0.8363123856192922,0.7489566195685908,0.9954133015585569,0.8521751815071992,0.8539763700287297,0.0940251100419092
319,0.8380464783241582,0.7492486533037451,0.9951136032509249,0.8496127246424209,0.8578381320071775,0.09377379652632531,0.8286012115257053,0.7409440776433239,0.9950137186811694,0.843110540781727,0.850328795536163,0.09866120226692046
320,0.8369680133669876,0.7485329162242801,0.9952055163854776,0.8482253073259841,0.8554477632738823,0.09426829106239386,0.8354038047686717,0.7480297752146451,0.9953637543541254,0.8502847876707943,0.855359353330554,0.09457990186253809
321,0.8401866697294768,0.751287757657295,0.9951785227587057,0.8534598745578943,0.8584631726492283,0.09279637166493854,0.830234249461718,0.7418926574495257,0.9951110542772125,0.8416663311389431,0.8511909101974808,0.09762928503766893
322,0.8413446119358373,0.7528409749962562,0.9953392276237177,0.8520800391601961,0.8589331459167392,0.09173002579184465,0.8161163040273248,0.7274703716505075,0.9949396959410004,0.8456436008085187,0.825702329245984,0.1057483953854991
323,0.8389953295158785,0.7499533766923949,0.9953453513078911,0.8541724473931068,0.8540992102650709,0.09302309218274299,0.8239565764179424,0.733942637682307,0.9948280983981616,0.8347986566311043,0.8479256197399255,0.10119690097657577
324,0.8318465951570245,0.7426830776209055,0.9950423212938531,0.8451061903737312,0.8504027921793073,0.09744672804291166,0.8289147541900158,0.741069312279041,0.995202431484992,0.8468662084273573,0.8446739145564064,0.09849123994810358
325,0.8404679565235625,0.7517143519118775,0.9952386056267938,0.8517841897731604,0.85872782766819,0.09235577280958031,0.830651443478677,0.7424450009758483,0.9951695177828452,0.836350887192005,0.8580972262494623,0.09726589566694116
326,0.8446572412585103,0.7570759359487268,0.9953708946704865,0.8590459785489148,0.8615465081015299,0.09011350780032402,0.8348969597428907,0.748225761255782,0.9953207324308996,0.8485657990584353,0.8539882018534989,0.09453802449285378
327,0.8428336527458457,0.7547628491423851,0.9953778122746667,0.8539584927087607,0.8605600099923999,0.09090757029954084,0.8348561018402587,0.7472701295020792,0.995314346861597,0.8457708861381464,0.8567024828387622,0.09487200239119059
328,0.8440186558074729,0.7552939033092454,0.9953866777724998,0.8566164218409117,0.860088550074156,0.09027128688297993,0.8282854066531786,0.7411876158202162,0.9952158900234627,0.8582473807307217,0.8319271718123482,0.09876985419866006
329,0.8361864731062291,0.7471238270748494,0.9951224382533583,0.8472889530104261,0.8560535349818164,0.09479542098246342,0.8302009394622161,0.7433511278279807,0.995358721351762,0.8622939000108938,0.8306583473229097,0.09717527500128019
330,0.8414473911357481,0.7537948645131533,0.9953421011220577,0.854685746999674,0.856038071388422,0.09192955712679514,0.8198409630702093,0.7347653332573236,0.9952838278128204,0.8619271639642591,0.8201367407820913,0.10317683164084382
331,0.8336527735687965,0.7440030796583309,0.9950655161641365,0.848472382786662,0.8525088432916376,0.09642584290528713,0.8167225328343009,0.7274872908052409,0.9946452342892939,0.82830447667915,0.8422346524299489,0.10513055258726563
332,0.840542494211086,0.7514519060766974,0.9954300318346467,0.8535643802132717,0.8566747820654581,0.09194582971462677,0.8355766607472789,0.7479789758801287,0.9951360813073046,0.8348905441549935,0.8679129104136729,0.09456824277445176
333,0.8429619974868242,0.7545520957819251,0.9953888921543609,0.8557701270247615,0.8598290338765743,0.09085544352527967,0.832953656359923,0.7455507093832351,0.9952102096748628,0.837132256764632,0.860982203604694,0.09598491721244526
334,0.8424580668987229,0.7545816319626432,0.9953929508148238,0.8540241995523142,0.8590619941783506,0.09121675806683163,0.8328647661105296,0.7464180721080874,0.99563637544524,0.876048610155053,0.8255621518382832,0.09565119904632233
335,0.8441194448360178,0.756363304895024,0.9953767490941424,0.8574792850156163,0.8593464899201726,0.09029098268771588,0.8276255539955006,0.7411092570800394,0.9953323393324809,0.8511893220667569,0.833881801288948,0.09891786053641571
336,0.8381130068108092,0.7497853965953339,0.9951871903829796,0.851711256559505,0.855142243726309,0.0939218498073345,0.8221444561104297,0.7352076664199331,0.995173882503814,0.8480148683092591,0.836426646339184,0.10170572365435443
337,0.8397966484690822,0.7513329251561054,0.9952984289374462,0.8519385727339013,0.8574622211068176,0.09270882671482342,0.8305352973834178,0.7441739368161893,0.9952642143378237,0.8532254452802274,0.8463270350187714,0.09729060473620718
338,0.8441362817620122,0.7562737371339354,0.9953667317018953,0.8572079407614331,0.8618237899486408,0.09043018435409596,0.8305303341072425,0.7443033330499347,0.9952605941126066,0.8487743013829037,0.8427517105256179,0.09743758970776949
339,0.845907787250918,0.7589707974084589,0.9955039353564729,0.8595545780520106,0.8629870733549428,0.08914250520945982,0.8301740653802072,0.7438037216403833,0.9952793508897845,0.8544925029980254,0.8377660998239227,0.0972961903494311
340,0.8437146045440851,0.7555474947358287,0.9954893093469531,0.8580889324116152,0.8571138499781142,0.09039820494606744,0.8410072846578756,0.7532780921338086,0.995504509554892,0.8564639973017578,0.8556775943807317,0.09143059206274926
341,0.8411341354597447,0.7532841587482497,0.9952802658081055,0.8555134008097094,0.8560404798319173,0.09210845602806224,0.8330210677425124,0.7450773331008214,0.9953631942088788,0.8450871281250122,0.8521870425719827,0.09591317827257778
342,0.8480575015378553,0.7609176805546117,0.9955614808686944,0.8606793526993242,0.8640762245239213,0.08797112120272116,0.8307929898035025,0.7436652667982658,0.9952445758617495,0.8410314180508407,0.8546739981897683,0.09689239776424295
343,0.8473502182683279,0.7599721703418466,0.9955254443163095,0.8568178508863893,0.8640837399072425,0.08830357847605334,0.83346625881375,0.7462216977284158,0.9955075078674948,0.8590709864660686,0.839850582387866,0.09558093722325754
